"State","Code","Industry","Supply use","Product","Unit","2014-15","2015-16","2016-17","2017-18","2018-19"
"Australia",0,"Environment","Supply","Self-extracted","ML","67,191,146","64,572,068","71,217,063","71,171,840","65,967,787"
"Australia",0,"Total","Supply","Self-extracted","ML","67,191,146","64,572,068","71,217,063","71,171,840","65,967,787"
"Australia",0,"Metal ore mining","Supply","Distributed","ML","11,539","12,241","12,413","12,769","13,546"
"Australia",0,"Total mining","Supply","Distributed","ML","12,708","13,482","13,671","14,063","14,919"
"Australia",0,"Water supply, sewerage and drainage services","Supply","Distributed","ML","11,884,859","10,583,523","12,258,157","12,598,201","9,936,049"
"Australia",0,"Total industry","Supply","Distributed","ML","11,909,448","10,609,054","12,283,938","12,624,630","9,963,338"
"Australia",0,"Total","Supply","Distributed","ML","11,909,448","10,609,054","12,283,938","12,624,630","9,963,338"
"Australia",0,"Total","Supply","Wastewater","ML","2,051,195","2,013,917","2,092,724","1,951,554","1,993,495"
"Australia",0,"Coal mining","Supply","Reuse","ML","5,241","5,560","5,638","5,800","6,153"
"Australia",0,"Water supply, sewerage and drainage services","Supply","Reuse","ML","288,767","294,161","272,452","276,787","280,817"
"Australia",0,"Total Electricity, gas, water and waste services","Supply","Reuse","ML","289,314","294,720","273,016","277,361","281,393"
"Australia",0,"Total industry","Supply","Reuse","ML","326,302","333,790","312,585","318,069","324,425"
"Australia",0,"Total","Supply","Reuse","ML","326,302","333,790","312,585","318,069","324,425"
"Australia",0,"Coal mining","Supply","Return flows (a)","ML","73,374","78,614","86,832","81,228","79,042"
"Australia",0,"Oil and gas extraction","Supply","Return flows (a)","ML","49,795","47,566","45,677","47,603","45,702"
"Australia",0,"Metal ore mining","Supply","Return flows (a)","ML","238,640","247,134","269,113","254,918","244,835"
"Australia",0,"Total mining","Supply","Return flows (a)","ML","402,410","406,305","426,826","407,997","396,196"
"Australia",0,"Food, beverage and tobacco product manufacturing","Supply","Return flows (a)","ML","17,899","20,567","20,094","21,932","25,371"
"Australia",0,"Textile, leather, clothing and footwear manufacturing","Supply","Return flows (a)","ML","451","451","441","237","232"
"Australia",0,"Polymer, rubber and non-metallic mineral product manufacturing","Supply","Return flows (a)","ML","12,027","15,373","18,018","16,651","16,558"
"Australia",0,"Primary metal, metal and fabricated metal product manufacturing","Supply","Return flows (a)","ML","5,688","5,407","5,234","6,346","6,485"
"Australia",0,"Furniture and other manufacturing","Supply","Return flows (a)","ML","8","7","7","7","8"
"Australia",0,"Total manufacturing","Supply","Return flows (a)","ML","68,518","73,669","75,632","75,458","79,262"
"Australia",0,"Electricity and gas supply","Supply","Return flows (a)","ML","50,449,729","49,028,119","54,111,348","53,583,961","51,314,206"
"Australia",0,"Water supply, sewerage and drainage services","Supply","Return flows (a)","ML","1,802,388","1,761,731","1,888,494","1,754,416","1,738,536"
"Australia",0,"Waste collection, treatment and disposal services","Supply","Return flows (a)","ML","44","45","45","46","47"
"Australia",0,"Total Electricity, gas, water and waste services","Supply","Return flows (a)","ML","52,252,161","50,789,895","55,999,887","55,338,423","53,052,788"
"Australia",0,"Total industry","Supply","Return flows (a)","ML","52,723,090","51,269,869","56,502,345","55,821,878","53,528,246"
"Australia",0,"Total","Supply","Return flows (a)","ML","52,723,090","51,269,869","56,502,345","55,821,878","53,528,246"
"Australia",0,"Fruit and Tree Nut Growing","Use","Self-extracted","ML","226,515","250,334","214,811","232,362","257,608"
"Australia",0,"Other Crop Growing","Use","Self-extracted","ML","995,335","1,133,266","1,224,794","1,250,337","896,025"
"Australia",0,"Dairy cattle Farming","Use","Self-extracted","ML","411,186","435,311","357,619","385,511","376,510"
"Australia",0,"Sheep, Beef, Cattle, Grain Growing and Other Livestock Farming","Use","Self-extracted","ML","1,343,149","1,243,409","1,149,963","1,229,272","1,337,059"
"Australia",0,"Total agriculture","Use","Self-extracted","ML","3,254,809","3,368,672","3,221,235","3,381,388","3,113,376"
"Australia",0,"Total Agriculture, forestry and fishing","Use","Self-extracted","ML","3,254,809","3,368,672","3,221,235","3,381,388","3,113,376"
"Australia",0,"Coal mining","Use","Self-extracted","ML","165,291","177,095","195,608","182,984","178,058"
"Australia",0,"Oil and gas extraction","Use","Self-extracted","ML","134,218","128,209","123,117","128,308","123,184"
"Australia",0,"Metal ore mining","Use","Self-extracted","ML","696,817","715,381","779,004","737,914","708,726"
"Australia",0,"Non-metallic mineral mining and quarrying","Use","Self-extracted","ML","65,812","52,001","47,978","46,994","52,093"
"Australia",0,"Exploration and other mining support services","Use","Self-extracted","ML","55,080","48,827","11,944","8,956","8,297"
"Australia",0,"Total mining","Use","Self-extracted","ML","1,117,218","1,121,514","1,157,650","1,105,156","1,070,358"
"Australia",0,"Food, beverage and tobacco product manufacturing","Use","Self-extracted","ML","205,608","191,530","187,125","204,237","236,262"
"Australia",0,"Textile, leather, clothing and footwear manufacturing","Use","Self-extracted","ML","272","272","266","143","140"
"Australia",0,"Wood, pulp, paper and converted paper product manufacturing","Use","Self-extracted","ML","28,479","32,898","32,731","30,454","31,263"
"Australia",0,"Petroleum, coal, basic chemical and chemical product manufacturing","Use","Self-extracted","ML","18,135","14,916","15,266","16,279","15,201"
"Australia",0,"Polymer, rubber and non-metallic mineral product manufacturing","Use","Self-extracted","ML","14,432","18,448","21,620","19,979","19,868"
"Australia",0,"Primary metal, metal and fabricated metal product manufacturing","Use","Self-extracted","ML","56,001","53,212","51,509","62,455","63,816"
"Australia",0,"Transport equipment, machinery and equipment manufacturing","Use","Self-extracted","ML","320","262","257","265","341"
"Australia",0,"Furniture and other manufacturing","Use","Self-extracted","ML","54","53","52","49","57"
"Australia",0,"Total manufacturing","Use","Self-extracted","ML","323,305","311,596","308,827","333,861","366,948"
"Australia",0,"Electricity and gas supply","Use","Self-extracted","ML","50,507,406","49,083,923","54,166,315","53,639,849","51,368,386"
"Australia",0,"Water supply, sewerage and drainage services","Use","Self-extracted","ML","11,884,859","10,583,523","12,258,157","12,598,201","9,936,049"
"Australia",0,"Waste collection, treatment and disposal services","Use","Self-extracted","ML","383","332","242","580","462"
"Australia",0,"Total Electricity, gas, water and waste services","Use","Self-extracted","ML","62,392,649","59,667,778","66,424,714","66,238,630","61,304,897"
"Australia",0,"Other industries","Use","Self-extracted","ML","103,165","102,509","104,637","112,805","112,208"
"Australia",0,"Total industry","Use","Self-extracted","ML","67,191,146","64,572,068","71,217,063","71,171,840","65,967,787"
"Australia",0,"Total","Use","Self-extracted","ML","67,191,146","64,572,068","71,217,063","71,171,840","65,967,787"
"Australia",0,"Fruit and Tree Nut Growing","Use","Distributed","ML","1,069,556","1,271,795","1,227,431","1,246,035","1,133,342"
"Australia",0,"Other Crop Growing","Use","Distributed","ML","1,757,754","1,738,309","2,278,128","2,221,356","1,469,461"
"Australia",0,"Dairy cattle Farming","Use","Distributed","ML","1,371,460","1,123,124","1,256,773","1,355,498","949,353"
"Australia",0,"Sheep, Beef, Cattle, Grain Growing and Other Livestock Farming","Use","Distributed","ML","2,761,781","1,727,976","2,641,290","2,729,784","1,596,113"
"Australia",0,"Total agriculture","Use","Distributed","ML","7,227,137","6,167,495","7,689,574","7,820,362","5,444,590"
"Australia",0,"Total Agriculture, forestry and fishing","Use","Distributed","ML","7,273,966","6,204,411","7,738,965","7,875,984","5,525,576"
"Australia",0,"Coal mining","Use","Distributed","ML","28,740","33,307","28,490","30,196","30,605"
"Australia",0,"Metal ore mining","Use","Distributed","ML","47,500","38,884","42,410","62,723","62,741"
"Australia",0,"Exploration and other mining support services","Use","Distributed","ML","942","813","801","749","1,703"
"Australia",0,"Total mining","Use","Distributed","ML","82,288","81,693","77,612","99,135","101,065"
"Australia",0,"Food, beverage and tobacco product manufacturing","Use","Distributed","ML","121,007","117,267","110,885","123,180","131,229"
"Australia",0,"Textile, leather, clothing and footwear manufacturing","Use","Distributed","ML","1,608","2,019","2,146","2,711","1,366"
"Australia",0,"Wood, pulp, paper and converted paper product manufacturing","Use","Distributed","ML","28,726","34,313","37,431","30,961","33,571"
"Australia",0,"Printing (including the reproduction of recorded media) manufacturing","Use","Distributed","ML","1,464","2,203","1,593","947","590"
"Australia",0,"Petroleum, coal, basic chemical and chemical product manufacturing","Use","Distributed","ML","29,283","24,985","27,475","28,166","23,534"
"Australia",0,"Polymer, rubber and non-metallic mineral product manufacturing","Use","Distributed","ML","13,278","14,369","12,791","11,190","7,548"
"Australia",0,"Primary metal, metal and fabricated metal product manufacturing","Use","Distributed","ML","43,197","33,031","40,888","37,313","35,744"
"Australia",0,"Transport equipment, machinery and equipment manufacturing","Use","Distributed","ML","5,502","6,758","6,614","5,904","3,191"
"Australia",0,"Furniture and other manufacturing","Use","Distributed","ML","969","1,259","1,281","1,106","775"
"Australia",0,"Total manufacturing","Use","Distributed","ML","245,035","236,204","241,105","241,479","237,549"
"Australia",0,"Waste collection, treatment and disposal services","Use","Distributed","ML","4,145","4,104","4,137","4,217","4,217"
"Australia",0,"Total Electricity, gas, water and waste services","Use","Distributed","ML","2,113,871","1,829,294","1,988,157","2,051,845","1,727,904"
"Australia",0,"Other industries","Use","Distributed","ML","504,968","511,448","516,731","559,684","561,207"
"Australia",0,"Total industry","Use","Distributed","ML","10,220,128","8,863,049","10,562,570","10,828,129","8,153,301"
"Australia",0,"Households","Use","Distributed","ML","1,689,320","1,746,005","1,721,368","1,796,502","1,810,037"
"Australia",0,"Total","Use","Distributed","ML","11,909,448","10,609,054","12,283,938","12,624,630","9,963,338"
"Australia",0,"Water supply, sewerage and drainage services","Use","Wastewater","ML","2,051,195","2,013,917","2,092,724","1,951,554","1,993,495"
"Australia",0,"Total Electricity, gas, water and waste services","Use","Wastewater","ML","2,051,195","2,013,917","2,092,724","1,951,554","1,993,495"
"Australia",0,"Total industry","Use","Wastewater","ML","2,051,195","2,013,917","2,092,724","1,951,554","1,993,495"
"Australia",0,"Total","Use","Wastewater","ML","2,051,195","2,013,917","2,092,724","1,951,554","1,993,495"
"Australia",0,"Fruit and Tree Nut Growing","Use","Reuse","ML","14,293","14,588","9,758","10,865","18,466"
"Australia",0,"Other Crop Growing","Use","Reuse","ML","20,541","19,199","16,578","11,860","7,516"
"Australia",0,"Dairy cattle Farming","Use","Reuse","ML","23,079","19,607","12,589","13,925","15,138"
"Australia",0,"Sheep, Beef, Cattle, Grain Growing and Other Livestock Farming","Use","Reuse","ML","21,949","33,054","30,264","48,406","36,581"
"Australia",0,"Total agriculture","Use","Reuse","ML","97,109","109,180","83,266","103,929","97,324"
"Australia",0,"Total mining","Use","Reuse","ML","3,175","4,006","3,587","2,479","3,842"
"Australia",0,"Food, beverage and tobacco product manufacturing","Use","Reuse","ML","1,886","2,171","1,080","2,147","2,666"
"Australia",0,"Textile, leather, clothing and footwear manufacturing","Use","Reuse","ML","293","383","260","211","192"
"Australia",0,"Primary metal, metal and fabricated metal product manufacturing","Use","Reuse","ML","10,923","10,783","5,774","4,795","8,222"
"Australia",0,"Transport equipment, machinery and equipment manufacturing","Use","Reuse","ML","59","19","38","108","24"
"Australia",0,"Total Electricity, gas, water and waste services","Use","Reuse","ML","103,405","90,487","108,283","99,642","95,246"
"Australia",0,"Total industry","Use","Reuse","ML","321,652","328,415","308,600","312,981","318,529"
"Australia",0,"Households","Use","Reuse","ML","4,650","5,375","3,985","5,088","5,896"
"Australia",0,"Total","Use","Reuse","ML","326,302","333,790","312,585","318,069","324,425"
"Australia",0,"Environment","Use","Return flows (a)","ML","52,723,090","51,269,869","56,502,345","55,821,878","53,528,246"
"Australia",0,"Total","Use","Return flows (a)","ML","52,723,090","51,269,869","56,502,345","55,821,878","53,528,246"
"New South Wales",1,"Environment","Supply","Self-extracted","ML","15,787,608","15,197,073","17,659,892","16,795,564","12,237,543"
"New South Wales",1,"Total","Supply","Self-extracted","ML","15,787,608","15,197,073","17,659,892","16,795,564","12,237,543"
"New South Wales",1,"Coal mining","Supply","Distributed","ML","529","549","558","593","601"
"New South Wales",1,"Water supply, sewerage and drainage services","Supply","Distributed","ML","4,891,047","3,751,998","5,400,525","5,717,452","3,539,492"
"New South Wales",1,"Total Industry","Supply","Distributed","ML","4,894,430","3,755,430","5,403,841","5,721,028","3,542,998"
"New South Wales",1,"Total","Supply","Distributed","ML","4,894,430","3,755,430","5,403,841","5,721,028","3,542,998"
"New South Wales",1,"Total","Supply","Wastewater","ML","817,616","797,235","807,348","664,435","746,220"
"New South Wales",1,"Water supply, sewerage and drainage services","Supply","Reuse","ML","63,579","63,355","60,406","70,230","69,417"
"New South Wales",1,"Total Industry","Supply","Reuse","ML","67,574","67,403","64,606","74,906","74,018"
"New South Wales",1,"Total","Supply","Reuse","ML","67,574","67,403","64,606","74,906","74,018"
"New South Wales",1,"Coal mining","Supply","Return flows (a)","ML","37,460","38,674","44,762","42,096","40,077"
"New South Wales",1,"Electricity and gas supply","Supply","Return flows (a)","ML","9,817,630","10,358,192","11,129,805","9,883,132","7,539,470"
"New South Wales",1,"Water supply, sewerage and drainage services","Supply","Return flows (a)","ML","731,302","712,112","751,514","600,448","657,280"
"New South Wales",1,"Waste collection, treatment and disposal services","Supply","Return flows (a)","ML","19","22","11","14","12"
"New South Wales",1,"Total Electricity, gas, water and waste services","Supply","Return flows (a)","ML","10,548,951","11,070,325","11,881,330","10,483,595","8,196,762"
"New South Wales",1,"Total Industry","Supply","Return flows (a)","ML","10,607,141","11,132,293","11,952,866","10,550,582","8,261,674"
"New South Wales",1,"Total","Supply","Return flows (a)","ML","10,607,141","11,132,293","11,952,866","10,550,582","8,261,674"
"New South Wales",1,"Fruit and tree nut growing","Use","Self-extracted","ML","22,153","26,659","38,332","46,416","49,141"
"New South Wales",1,"Other crop growing","Use","Self-extracted","ML","325,207","415,690","463,868","492,020","382,566"
"New South Wales",1,"Dairy cattle farming","Use","Self-extracted","ML","35,209","43,054","32,641","34,642","34,420"
"New South Wales",1,"Sheep, Beef, Cattle, Grain Growing and Other Livestock Farming","Use","Self-extracted","ML","470,404","373,520","349,516","371,764","448,071"
"New South Wales",1,"Total Agriculture","Use","Self-extracted","ML","872,404","883,657","907,174","966,336","934,511"
"New South Wales",1,"Total Agriculture, forestry and fishing","Use","Self-extracted","ML","872,404","883,657","907,174","966,336","934,511"
"New South Wales",1,"Coal mining","Use","Self-extracted","ML","84,386","87,121","100,836","94,830","90,281"
"New South Wales",1,"Total mining","Use","Self-extracted","ML","116,302","116,238","134,330","128,915","120,422"
"New South Wales",1,"Manufacturing","Use","Self-extracted","ML","38,091","41,040","41,544","41,287","46,881"
"New South Wales",1,"Water supply, sewerage and drainage services","Use","Self-extracted","ML","4,891,047","3,751,998","5,400,525","5,717,452","3,539,492"
"New South Wales",1,"Total Industry","Use","Self-extracted","ML","15,787,608","15,197,073","17,659,892","16,795,564","12,237,543"
"New South Wales",1,"Total","Use","Self-extracted","ML","15,787,608","15,197,073","17,659,892","16,795,564","12,237,543"
"New South Wales",1,"Fruit and tree nut growing","Use","Distributed","ML","288,207","257,312","252,217","339,961","330,527"
"New South Wales",1,"Other crop growing","Use","Distributed","ML","596,854","652,731","1,222,499","1,250,374","539,018"
"New South Wales",1,"Dairy cattle farming","Use","Distributed","ML","180,394","134,254","95,294","142,725","131,060"
"New South Wales",1,"Sheep, Beef, Cattle, Grain Growing and Other Livestock Farming","Use","Distributed","ML","1,962,557","1,069,557","1,946,116","2,047,725","966,790"
"New South Wales",1,"Total Agriculture","Use","Distributed","ML","3,102,380","2,187,944","3,600,656","3,871,937","2,032,253"
"New South Wales",1,"Total Agriculture, forestry and fishing","Use","Distributed","ML","3,102,380","2,187,944","3,600,656","3,871,937","2,032,253"
"New South Wales",1,"Coal mining","Use","Distributed","ML","11,653","15,272","8,488","12,174","10,178"
"New South Wales",1,"Manufacturing","Use","Distributed","ML","49,569","50,931","56,657","53,742","47,189"
"New South Wales",1,"Water supply, sewerage and drainage services","Use","Distributed","ML","965,027","761,401","930,447","932,880","647,637"
"New South Wales",1,"Waste collection, treatment and disposal services","Use","Distributed","ML","2,749","2,637","2,670","2,710","2,716"
"New South Wales",1,"Total Industry","Use","Distributed","ML","4,363,066","3,215,446","4,847,140","5,127,027","2,971,309"
"New South Wales",1,"Households","Use","Distributed","ML","531,364","539,984","556,701","594,001","571,689"
"New South Wales",1,"Total","Use","Distributed","ML","4,894,430","3,755,430","5,403,841","5,721,028","3,542,998"
"New South Wales",1,"Water supply, sewerage and drainage services","Use","Wastewater","ML","817,616","797,235","807,348","664,435","746,220"
"New South Wales",1,"Total Electricity, gas, water and waste services","Use","Wastewater","ML","817,616","797,235","807,348","664,435","746,220"
"New South Wales",1,"Total Industry","Use","Wastewater","ML","817,616","797,235","807,348","664,435","746,220"
"New South Wales",1,"Total","Use","Wastewater","ML","817,616","797,235","807,348","664,435","746,220"
"New South Wales",1,"Fruit and tree nut growing","Use","Reuse","ML","878","517","1,483","1,662","781"
"New South Wales",1,"Dairy cattle farming","Use","Reuse","ML","1,790","2,195","1,191","4,655","9,334"
"New South Wales",1,"Sheep, Beef, Cattle, Grain Growing and Other Livestock Farming","Use","Reuse","ML","5,588","8,148","12,959","21,168","10,969"
"New South Wales",1,"Total Agriculture","Use","Reuse","ML","19,869","18,558","22,680","29,517","22,601"
"New South Wales",1,"Total Agriculture, forestry and fishing","Use","Reuse","ML","19,869","18,558","22,680","29,517","22,601"
"New South Wales",1,"Manufacturing","Use","Reuse","ML","10,391","11,107","6,919","4,305","6,484"
"New South Wales",1,"Water supply, sewerage and drainage services","Use","Reuse","ML","18,173","17,635","17,555","22,941","21,241"
"New South Wales",1,"Total Industry","Use","Reuse","ML","65,436","64,849","62,224","71,743","71,043"
"New South Wales",1,"Households","Use","Reuse","ML","2,138","2,554","2,382","3,163","2,975"
"New South Wales",1,"Total","Use","Reuse","ML","67,574","67,403","64,606","74,906","74,018"
"New South Wales",1,"Environment","Use","Return flows (a)","ML","10,607,141","11,132,293","11,952,866","10,550,582","8,261,674"
"New South Wales",1,"Total","Use","Return flows (a)","ML","10,607,141","11,132,293","11,952,866","10,550,582","8,261,674"
"Victoria",2,"Environment","Supply","Self-extracted","ML","8,386,303","8,247,982","8,321,263","8,194,303","7,667,895"
"Victoria",2,"Total","Supply","Self-extracted","ML","8,386,303","8,247,982","8,321,263","8,194,303","7,667,895"
"Victoria",2,"Water supply, sewerage and drainage services","Supply","Distributed","ML","3,123,198","3,081,502","3,354,219","3,277,280","2,661,420"
"Victoria",2,"Total Industry","Supply","Distributed","ML","3,125,008","3,083,414","3,355,931","3,278,967","2,663,108"
"Victoria",2,"Total","Supply","Distributed","ML","3,125,008","3,083,414","3,355,931","3,278,967","2,663,108"
"Victoria",2,"Total","Supply","Wastewater","ML","467,298","469,470","503,480","492,191","482,345"
"Victoria",2,"Water supply, sewerage and drainage services","Supply","Reuse","ML","92,834","96,610","93,484","94,851","95,871"
"Victoria",2,"Total Electricity, gas, water and waste services","Supply","Reuse","ML","92,887","96,671","93,537","94,900","95,920"
"Victoria",2,"Total Industry","Supply","Reuse","ML","94,740","98,530","95,116","96,522","97,474"
"Victoria",2,"Total","Supply","Reuse","ML","94,740","98,530","95,116","96,522","97,474"
"Victoria",2,"Oil and gas extraction","Supply","Return flows (a)","ML","7,108","6,426","4,593","4,772","4,242"
"Victoria",2,"Electricity and gas supply","Supply","Return flows (a)","ML","4,703,909","4,628,756","4,496,752","4,395,853","4,446,655"
"Victoria",2,"Water supply, sewerage and drainage services","Supply","Return flows (a)","ML","369,222","366,059","406,611","392,480","369,448"
"Victoria",2,"Total Electricity, gas, water and waste services","Supply","Return flows (a)","ML","5,073,131","4,994,815","4,903,368","4,788,341","4,816,110"
"Victoria",2,"Total Industry","Supply","Return flows (a)","ML","5,091,205","5,012,694","4,920,849","4,806,613","4,835,091"
"Victoria",2,"Total","Supply","Return flows (a)","ML","5,091,205","5,012,694","4,920,849","4,806,613","4,835,091"
"Victoria",2,"Mushroom and vegetable growing","Use","Self-extracted","ML","37,482","39,647","30,345","34,447","37,402"
"Victoria",2,"Fruit and tree nut growing","Use","Self-extracted","ML","15,667","27,881","13,231","14,426","23,194"
"Victoria",2,"Other crop growing","Use","Self-extracted","ML","6,485","5,450","4,329","3,066","15,029"
"Victoria",2,"Dairy cattle farming","Use","Self-extracted","ML","188,183","196,862","185,652","178,691","173,538"
"Victoria",2,"Sheep, Beef, Cattle, Grain Growing and Other Livestock Farming","Use","Self-extracted","ML","155,980","118,944","87,660","140,663","148,735"
"Victoria",2,"Total Agriculture","Use","Self-extracted","ML","408,472","393,637","329,337","376,065","403,077"
"Victoria",2,"Total Agriculture, forestry and fishing","Use","Self-extracted","ML","408,472","393,637","329,337","376,065","403,077"
"Victoria",2,"Total mining","Use","Self-extracted","ML","26,168","23,001","21,603","21,937","19,917"
"Victoria",2,"Manufacturing","Use","Self-extracted","ML","88,658","82,756","80,782","86,830","100,688"
"Victoria",2,"Water supply, sewerage and drainage services","Use","Self-extracted","ML","3,123,198","3,081,502","3,354,219","3,277,280","2,661,420"
"Victoria",2,"Total Industry","Use","Self-extracted","ML","8,386,303","8,247,982","8,321,263","8,194,303","7,667,895"
"Victoria",2,"Total","Use","Self-extracted","ML","8,386,303","8,247,982","8,321,263","8,194,303","7,667,895"
"Victoria",2,"Fruit and tree nut growing","Use","Distributed","ML","478,320","657,508","690,584","556,184","426,833"
"Victoria",2,"Other crop growing","Use","Distributed","ML","31,674","29,807","41,112","331","45,585"
"Victoria",2,"Dairy cattle farming","Use","Distributed","ML","1,105,387","907,670","1,080,645","1,121,453","692,240"
"Victoria",2,"Sheep, Beef, Cattle, Grain Growing and Other Livestock Farming","Use","Distributed","ML","450,047","374,793","443,139","445,044","407,946"
"Victoria",2,"Total Agriculture","Use","Distributed","ML","2,106,358","2,050,207","2,340,980","2,186,599","1,661,375"
"Victoria",2,"Aquaculture","Use","Distributed","ML","74","83","86","96","100"
"Victoria",2,"Forestry and logging","Use","Distributed","ML","64","49","56","18","35"
"Victoria",2,"Total Agriculture, forestry and fishing","Use","Distributed","ML","2,106,496","2,050,339","2,341,122","2,186,713","1,661,510"
"Victoria",2,"Oil and gas extraction","Use","Distributed","ML","31","214","85","90","147"
"Victoria",2,"Manufacturing","Use","Distributed","ML","80,868","76,994","75,520","73,549","74,994"
"Victoria",2,"Electricity and gas supply","Use","Distributed","ML","42,186","40,394","39,358","30,583","24,545"
"Victoria",2,"Water supply, sewerage and drainage services","Use","Distributed","ML","435,268","419,102","416,784","484,755","376,753"
"Victoria",2,"Waste collection, treatment and disposal services","Use","Distributed","ML","276","295","307","290","292"
"Victoria",2,"Total Electricity, gas, water and waste services","Use","Distributed","ML","477,730","459,791","456,449","515,628","401,590"
"Victoria",2,"Total Industry","Use","Distributed","ML","2,752,938","2,686,547","2,968,019","2,881,741","2,247,049"
"Victoria",2,"Households","Use","Distributed","ML","372,071","396,867","387,912","397,226","416,059"
"Victoria",2,"Total","Use","Distributed","ML","3,125,008","3,083,414","3,355,931","3,278,967","2,663,108"
"Victoria",2,"Water supply, sewerage and drainage services","Use","Wastewater","ML","467,298","469,470","503,480","492,191","482,345"
"Victoria",2,"Total Electricity, gas, water and waste services","Use","Wastewater","ML","467,298","469,470","503,480","492,191","482,345"
"Victoria",2,"Total Industry","Use","Wastewater","ML","467,298","469,470","503,480","492,191","482,345"
"Victoria",2,"Total","Use","Wastewater","ML","467,298","469,470","503,480","492,191","482,345"
"Victoria",2,"Nursery and floriculture production","Use","Reuse","ML","1,479","2,394","1,447","1,865","714"
"Victoria",2,"Fruit and tree nut growing","Use","Reuse","ML","2,037","2,701","439","268","1,994"
"Victoria",2,"Dairy cattle farming","Use","Reuse","ML","20,464","15,436","9,686","7,988","5,312"
"Victoria",2,"Sheep, Beef, Cattle, Grain Growing and Other Livestock Farming","Use","Reuse","ML","10,979","20,154","13,170","16,678","19,131"
"Victoria",2,"Total Agriculture","Use","Reuse","ML","38,864","47,268","28,605","28,999","29,527"
"Victoria",2,"Total Agriculture, forestry and fishing","Use","Reuse","ML","38,864","47,268","28,605","28,999","29,527"
"Victoria",2,"Total mining","Use","Reuse","ML","792","792","475","621","924"
"Victoria",2,"Total Industry","Use","Reuse","ML","92,996","96,491","93,904","94,981","95,276"
"Victoria",2,"Households","Use","Reuse","ML","1,744","2,039","1,212","1,541","2,198"
"Victoria",2,"Total","Use","Reuse","ML","94,740","98,530","95,116","96,522","97,474"
"Victoria",2,"Environment","Use","Return flows (a)","ML","5,091,205","5,012,694","4,920,849","4,806,613","4,835,091"
"Victoria",2,"Total","Use","Return flows (a)","ML","5,091,205","5,012,694","4,920,849","4,806,613","4,835,091"
"Queensland",3,"Environment","Supply","Self-extracted","ML","4,735,338","4,570,269","4,352,351","4,468,706","4,146,370"
"Queensland",3,"Total","Supply","Self-extracted","ML","4,735,338","4,570,269","4,352,351","4,468,706","4,146,370"
"Queensland",3,"Water supply, sewerage and drainage services","Supply","Distributed","ML","2,513,774","2,339,670","2,199,580","2,172,978","2,189,006"
"Queensland",3,"Total Industry","Supply","Distributed","ML","2,516,550","2,342,502","2,202,284","2,175,970","2,192,159"
"Queensland",3,"Total","Supply","Distributed","ML","2,516,550","2,342,502","2,202,284","2,175,970","2,192,159"
"Queensland",3,"Total","Supply","Wastewater","ML","378,385","358,142","364,350","384,520","371,191"
"Queensland",3,"Water supply, sewerage and drainage services","Supply","Reuse","ML","57,638","57,479","53,045","45,867","46,862"
"Queensland",3,"Total Industry","Supply","Reuse","ML","67,401","67,776","63,241","56,731","58,481"
"Queensland",3,"Total","Supply","Reuse","ML","67,401","67,776","63,241","56,731","58,481"
"Queensland",3,"Coal mining","Supply","Return flows (a)","ML","28,295","31,616","33,803","31,031","30,849"
"Queensland",3,"Oil and gas extraction","Supply","Return flows (a)","ML","21,157","21,048","20,243","21,393","20,596"
"Queensland",3,"Electricity and gas supply","Supply","Return flows (a)","ML","713,259","691,693","594,633","663,299","668,555"
"Queensland",3,"Water supply, sewerage and drainage services","Supply","Return flows (a)","ML","321,373","301,534","312,157","338,657","312,806"
"Queensland",3,"Total Electricity, gas, water and waste services","Supply","Return flows (a)","ML","1,034,632","993,227","906,802","1,001,967","981,374"
"Queensland",3,"Total Industry","Supply","Return flows (a)","ML","1,135,378","1,098,049","1,003,938","1,097,467","1,075,482"
"Queensland",3,"Total","Supply","Return flows (a)","ML","1,135,378","1,098,049","1,003,938","1,097,467","1,075,482"
"Queensland",3,"Mushroom and vegetable growing","Use","Self-extracted","ML","66,576","62,759","71,604","82,896","63,598"
"Queensland",3,"Fruit and tree nut growing","Use","Self-extracted","ML","59,375","72,153","60,960","66,712","66,310"
"Queensland",3,"Other crop growing","Use","Self-extracted","ML","662,368","693,576","739,522","740,559","475,822"
"Queensland",3,"Poultry farming","Use","Self-extracted","ML","4,981","5,213","2,575","4,530","3,536"
"Queensland",3,"Sheep, Beef, Cattle, Grain Growing and Other Livestock Farming","Use","Self-extracted","ML","343,521","339,407","337,268","366,372","325,644"
"Queensland",3,"Total Agriculture","Use","Self-extracted","ML","1,178,912","1,206,875","1,244,167","1,317,648","970,696"
"Queensland",3,"Total Agriculture, forestry and fishing","Use","Self-extracted","ML","1,178,912","1,206,875","1,244,167","1,317,648","970,696"
"Queensland",3,"Coal mining","Use","Self-extracted","ML","63,740","71,223","76,148","69,904","69,495"
"Queensland",3,"Oil and gas extraction","Use","Self-extracted","ML","57,027","56,733","54,562","57,662","55,513"
"Queensland",3,"Total mining","Use","Self-extracted","ML","223,513","229,494","220,489","214,401","206,698"
"Queensland",3,"Manufacturing","Use","Self-extracted","ML","88,161","84,975","75,277","81,362","92,421"
"Queensland",3,"Water supply, sewerage and drainage services","Use","Self-extracted","ML","2,513,774","2,339,670","2,199,580","2,172,978","2,189,006"
"Queensland",3,"Total Industry","Use","Self-extracted","ML","4,735,338","4,570,269","4,352,351","4,468,706","4,146,370"
"Queensland",3,"Total","Use","Self-extracted","ML","4,735,338","4,570,269","4,352,351","4,468,706","4,146,370"
"Queensland",3,"Mushroom and vegetable growing","Use","Distributed","ML","73,187","70,642","54,128","52,287","66,968"
"Queensland",3,"Fruit and tree nut growing","Use","Distributed","ML","117,153","114,488","89,376","100,079","121,680"
"Queensland",3,"Other crop growing","Use","Distributed","ML","1,129,119","1,044,714","1,011,107","946,057","879,561"
"Queensland",3,"Poultry farming","Use","Distributed","ML","4,487","1,657","5,323","2,302","2,276"
"Queensland",3,"Sheep, Beef, Cattle, Grain Growing and Other Livestock Farming","Use","Distributed","ML","218,022","135,321","117,501","121,741","85,675"
"Queensland",3,"Total Agriculture","Use","Distributed","ML","1,556,684","1,390,551","1,289,730","1,239,407","1,185,444"
"Queensland",3,"Coal mining","Use","Distributed","ML","17,042","17,991","19,993","18,016","20,422"
"Queensland",3,"Oil and gas extraction","Use","Distributed","ML","178","325","467","375","516"
"Queensland",3,"Total mining","Use","Distributed","ML","41,946","33,876","39,034","46,272","52,859"
"Queensland",3,"Manufacturing","Use","Distributed","ML","76,763","72,674","74,842","82,013","84,668"
"Queensland",3,"Total Industry","Use","Distributed","ML","2,186,108","2,003,870","1,864,896","1,836,760","1,844,816"
"Queensland",3,"Households","Use","Distributed","ML","330,442","338,632","337,388","339,210","347,343"
"Queensland",3,"Total","Use","Distributed","ML","2,516,550","2,342,502","2,202,284","2,175,970","2,192,159"
"Queensland",3,"Water supply, sewerage and drainage services","Use","Wastewater","ML","378,385","358,142","364,350","384,520","371,191"
"Queensland",3,"Total Electricity, gas, water and waste services","Use","Wastewater","ML","378,385","358,142","364,350","384,520","371,191"
"Queensland",3,"Total Industry","Use","Wastewater","ML","378,385","358,142","364,350","384,520","371,191"
"Queensland",3,"Total","Use","Wastewater","ML","378,385","358,142","364,350","384,520","371,191"
"Queensland",3,"Nursery and floriculture production","Use","Reuse","ML","47","37","184","48","176"
"Queensland",3,"Mushroom and vegetable growing","Use","Reuse","ML","116","66","92","50","2,009"
"Queensland",3,"Fruit and tree nut growing","Use","Reuse","ML","161","160","161","316","185"
"Queensland",3,"Other crop growing","Use","Reuse","ML","8,813","11,290","9,153","10,472","6,041"
"Queensland",3,"Dairy cattle farming","Use","Reuse","ML","1","123","26","56","140"
"Queensland",3,"Sheep, Beef, Cattle, Grain Growing and Other Livestock Farming","Use","Reuse","ML","1,730","868","2,019","2,631","3,601"
"Queensland",3,"Total Agriculture","Use","Reuse","ML","10,867","12,544","11,634","13,573","12,152"
"Queensland",3,"Other industries","Use","Reuse","ML","22,436","23,859","23,620","22,355","25,078"
"Queensland",3,"Total Industry","Use","Reuse","ML","67,064","67,448","63,083","56,731","58,481"
"Queensland",3,"Total","Use","Reuse","ML","67,401","67,776","63,241","56,731","58,481"
"Queensland",3,"Environment","Use","Return flows (a)","ML","1,135,378","1,098,049","1,003,938","1,097,467","1,075,482"
"Queensland",3,"Total","Use","Return flows (a)","ML","1,135,378","1,098,049","1,003,938","1,097,467","1,075,482"
"South Australia",4,"Environment","Supply","Self-extracted","ML","967,461","1,054,241","802,857","864,161","921,142"
"South Australia",4,"Total","Supply","Self-extracted","ML","967,461","1,054,241","802,857","864,161","921,142"
"South Australia",4,"Coal mining","Supply","Distributed","ML","3","3","1","1","1"
"South Australia",4,"Water supply, sewerage and drainage services","Supply","Distributed","ML","504,178","542,433","445,154","498,795","513,680"
"South Australia",4,"Total Industry","Supply","Distributed","ML","504,832","543,093","445,640","499,287","514,167"
"South Australia",4,"Total","Supply","Distributed","ML","504,832","543,093","445,640","499,287","514,167"
"South Australia",4,"Total","Supply","Wastewater","ML","116,636","118,526","131,884","133,610","119,957"
"South Australia",4,"Water supply, sewerage and drainage services","Supply","Reuse","ML","41,759","41,886","33,275","36,720","40,222"
"South Australia",4,"Total Electricity, gas, water and waste services","Supply","Reuse","ML","41,759","41,886","33,275","36,720","40,222"
"South Australia",4,"Total Industry","Supply","Reuse","ML","43,972","44,164","35,561","39,030","42,605"
"South Australia",4,"Total","Supply","Reuse","ML","43,972","44,164","35,561","39,030","42,605"
"South Australia",4,"Coal mining","Supply","Return flows (a)","ML","238","230","74","66","63"
"South Australia",4,"Oil and gas extraction","Supply","Return flows (a)","ML","6,201","5,579","6,878","7,085","6,587"
"South Australia",4,"Water supply, sewerage and drainage services","Supply","Return flows (a)","ML","80,925","84,582","105,526","104,422","70,767"
"South Australia",4,"Total Electricity, gas, water and waste services","Supply","Return flows (a)","ML","87,408","90,804","105,526","104,422","70,767"
"South Australia",4,"Total Industry","Supply","Return flows (a)","ML","106,277","109,085","122,291","120,959","86,412"
"South Australia",4,"Total","Supply","Return flows (a)","ML","106,277","109,085","122,291","120,959","86,412"
"South Australia",4,"Fruit and tree nut growing","Use","Self-extracted","ML","78,968","70,826","45,662","60,916","59,371"
"South Australia",4,"Other crop growing","Use","Self-extracted","ML","919","11,230","11,244","8,333","9,981"
"South Australia",4,"Dairy cattle farming","Use","Self-extracted","ML","62,073","60,828","30,569","47,176","46,191"
"South Australia",4,"Sheep, Beef, Cattle, Grain Growing and Other Livestock Farming","Use","Self-extracted","ML","188,531","234,786","156,060","132,896","196,779"
"South Australia",4,"Total Agriculture","Use","Self-extracted","ML","380,938","433,905","290,186","296,738","339,562"
"South Australia",4,"Total Agriculture, forestry and fishing","Use","Self-extracted","ML","380,938","433,905","290,186","296,738","339,562"
"South Australia",4,"Manufacturing","Use","Self-extracted","ML","20,880","18,004","22,512","24,434","26,362"
"South Australia",4,"Water supply, sewerage and drainage services","Use","Self-extracted","ML","504,178","542,433","445,154","498,795","513,680"
"South Australia",4,"Other industries","Use","Self-extracted","ML","6,044","6,599","5,382","5,881","6,264"
"South Australia",4,"Total Industry","Use","Self-extracted","ML","967,461","1,054,241","802,857","864,161","921,142"
"South Australia",4,"Total","Use","Self-extracted","ML","967,461","1,054,241","802,857","864,161","921,142"
"South Australia",4,"Fruit and tree nut growing","Use","Distributed","ML","175,232","234,916","188,999","235,120","241,956"
"South Australia",4,"Other crop growing","Use","Distributed","ML","65","5,573","3,410","29","13"
"South Australia",4,"Dairy cattle farming","Use","Distributed","ML","46,296","13,862","17,546","10,841","14,125"
"South Australia",4,"Sheep, Beef, Cattle, Grain Growing and Other Livestock Farming","Use","Distributed","ML","52,111","56,560","31,681","25,910","18,148"
"South Australia",4,"Total Agriculture","Use","Distributed","ML","291,636","329,899","254,964","289,461","288,429"
"South Australia",4,"Manufacturing","Use","Distributed","ML","14,077","14,526","12,897","13,533","13,228"
"South Australia",4,"Electricity and gas supply","Use","Distributed","ML","408","740","347","196","277"
"South Australia",4,"Water supply, sewerage and drainage services","Use","Distributed","ML","34,890","21,214","26,349","20,709","31,012"
"South Australia",4,"Other industries","Use","Distributed","ML","35,920","39,179","31,913","34,850","37,090"
"South Australia",4,"Total Industry","Use","Distributed","ML","381,269","409,902","330,190","362,977","374,745"
"South Australia",4,"Households","Use","Distributed","ML","123,563","133,190","115,451","136,310","139,422"
"South Australia",4,"Total","Use","Distributed","ML","504,832","543,093","445,640","499,287","514,167"
"South Australia",4,"Water supply, sewerage and drainage services","Use","Wastewater","ML","116,636","118,526","131,884","133,610","119,957"
"South Australia",4,"Total Electricity, gas, water and waste services","Use","Wastewater","ML","116,636","118,526","131,884","133,610","119,957"
"South Australia",4,"Total Industry","Use","Wastewater","ML","116,636","118,526","131,884","133,610","119,957"
"South Australia",4,"Total","Use","Wastewater","ML","116,636","118,526","131,884","133,610","119,957"
"South Australia",4,"Nursery and floriculture production","Use","Reuse","ML","1,365","625","379","875","973"
"South Australia",4,"Mushroom and vegetable growing","Use","Reuse","ML","9,687","12,376","6,979","10,950","11,821"
"South Australia",4,"Fruit and tree nut growing","Use","Reuse","ML","10,867","11,182","7,667","8,594","15,274"
"South Australia",4,"Sheep, Beef, Cattle, Grain Growing and Other Livestock Farming","Use","Reuse","ML","113","528","104","4,800","467"
"South Australia",4,"Total Agriculture","Use","Reuse","ML","22,032","24,777","15,890","26,652","29,393"
"South Australia",4,"Total Agriculture, forestry and fishing","Use","Reuse","ML","22,032","24,777","15,890","26,652","29,393"
"South Australia",4,"Manufacturing","Use","Reuse","ML","569","571","518","486","556"
"South Australia",4,"Water supply, sewerage and drainage services","Use","Reuse","ML","12,019","10,250","11,995","3,462","3,950"
"South Australia",4,"Total Electricity, gas, water and waste services","Use","Reuse","ML","12,019","10,250","11,995","3,462","3,950"
"South Australia",4,"Total Industry","Use","Reuse","ML","43,581","43,743","35,328","38,646","41,882"
"South Australia",4,"Households","Use","Reuse","ML","391","421","233","384","723"
"South Australia",4,"Total","Use","Reuse","ML","43,972","44,164","35,561","39,030","42,605"
"South Australia",4,"Environment","Use","Return flows (a)","ML","106,277","109,085","122,291","120,959","86,412"
"South Australia",4,"Total","Use","Return flows (a)","ML","106,277","109,085","122,291","120,959","86,412"
"Western Australia",5,"Environment","Supply","Self-extracted","ML","3,393,573","3,488,198","3,494,080","3,553,488","3,642,153"
"Western Australia",5,"Total","Supply","Self-extracted","ML","3,393,573","3,488,198","3,494,080","3,553,488","3,642,153"
"Western Australia",5,"Coal mining","Supply","Distributed","ML","91","97","94","100","108"
"Western Australia",5,"Total mining","Supply","Distributed","ML","8,261","9,091","9,685","9,564","10,201"
"Western Australia",5,"Water supply, sewerage and drainage services","Supply","Distributed","ML","624,024","590,532","599,890","645,679","728,581"
"Western Australia",5,"Total Industry","Supply","Distributed","ML","632,341","599,679","609,620","655,296","738,833"
"Western Australia",5,"Total","Supply","Distributed","ML","632,341","599,679","609,620","655,296","738,833"
"Western Australia",5,"Total","Supply","Wastewater","ML","166,852","166,061","167,658","168,374","168,245"
"Western Australia",5,"Total mining","Supply","Reuse","ML","16,993","18,620","19,828","19,678","21,093"
"Western Australia",5,"Water supply, sewerage and drainage services","Supply","Reuse","ML","22,869","24,000","23,023","19,058","19,285"
"Western Australia",5,"Total Industry","Supply","Reuse","ML","40,419","43,172","43,237","39,131","40,822"
"Western Australia",5,"Total","Supply","Reuse","ML","40,419","43,172","43,237","39,131","40,822"
"Western Australia",5,"Coal mining","Supply","Return flows (a)","ML","7,350","8,066","8,147","7,992","8,011"
"Western Australia",5,"Oil and gas extraction","Supply","Return flows (a)","ML","14,189","13,587","13,886","14,272","14,201"
"Western Australia",5,"Electricity and gas supply","Supply","Return flows (a)","ML","1,851,635","1,946,611","1,909,026","1,982,333","1,948,419"
"Western Australia",5,"Water supply, sewerage and drainage services","Supply","Return flows (a)","ML","205,246","203,792","203,901","220,046","239,134"
"Western Australia",5,"Total Electricity, gas, water and waste services","Supply","Return flows (a)","ML","2,056,882","2,150,403","2,112,941","2,202,389","2,187,565"
"Western Australia",5,"Total Industry","Supply","Return flows (a)","ML","2,284,871","2,385,653","2,369,440","2,445,793","2,425,752"
"Western Australia",5,"Total","Supply","Return flows (a)","ML","2,284,871","2,385,653","2,369,440","2,445,793","2,425,752"
"Western Australia",5,"Mushroom and vegetable growing","Use","Self-extracted","ML","40,235","57,178","44,893","44,658","49,118"
"Western Australia",5,"Fruit and tree nut growing","Use","Self-extracted","ML","33,520","40,854","39,385","30,350","45,882"
"Western Australia",5,"Other crop growing","Use","Self-extracted","ML","73","2,535","4,050","2,040","2,444"
"Western Australia",5,"Dairy cattle farming","Use","Self-extracted","ML","8,063","18,018","11,616","12,042","24,391"
"Western Australia",5,"Sheep, Beef, Cattle, Grain Growing and Other Livestock Farming","Use","Self-extracted","ML","95,881","81,343","91,284","76,681","97,819"
"Western Australia",5,"Total Agriculture","Use","Self-extracted","ML","186,202","209,252","202,031","172,667","227,885"
"Western Australia",5,"Total Agriculture, forestry and fishing","Use","Self-extracted","ML","186,202","209,252","202,031","172,667","227,885"
"Western Australia",5,"Oil and gas extraction","Use","Self-extracted","ML","38,245","36,622","37,428","38,468","38,278"
"Western Australia",5,"Total mining","Use","Self-extracted","ML","641,365","654,527","691,601","653,186","637,758"
"Western Australia",5,"Manufacturing","Use","Self-extracted","ML","58,405","55,554","56,845","68,042","68,405"
"Western Australia",5,"Electricity and gas supply","Use","Self-extracted","ML","1,862,645","1,957,744","1,923,624","1,995,056","1,960,543"
"Western Australia",5,"Water supply, sewerage and drainage services","Use","Self-extracted","ML","624,024","590,532","599,890","645,679","728,581"
"Western Australia",5,"Total Industry","Use","Self-extracted","ML","3,393,573","3,488,198","3,494,080","3,553,488","3,642,153"
"Western Australia",5,"Total","Use","Self-extracted","ML","3,393,573","3,488,198","3,494,080","3,553,488","3,642,153"
"Western Australia",5,"Nursery and floriculture production","Use","Distributed","ML","1,518","1,032","1,059","1,133","1,207"
"Western Australia",5,"Fruit and tree nut growing","Use","Distributed","ML","9,090","5,431","3,588","11,584","8,208"
"Western Australia",5,"Dairy cattle farming","Use","Distributed","ML","7,337","18,005","25,253","36,188","51,313"
"Western Australia",5,"Sheep, Beef, Cattle, Grain Growing and Other Livestock Farming","Use","Distributed","ML","60,497","46,642","59,993","40,670","73,443"
"Western Australia",5,"Total Agriculture","Use","Distributed","ML","118,761","111,141","117,816","134,011","169,063"
"Western Australia",5,"Coal mining","Use","Distributed","ML","5","10","9","5","5"
"Western Australia",5,"Oil and gas extraction","Use","Distributed","ML","428","1,465","874","473","532"
"Western Australia",5,"Total mining","Use","Distributed","ML","16,514","21,141","18,461","18,040","17,362"
"Western Australia",5,"Manufacturing","Use","Distributed","ML","5,028","5,570","5,368","8,153","6,333"
"Western Australia",5,"Water supply, sewerage and drainage services","Use","Distributed","ML","124,624","102,287","108,893","133,641","156,694"
"Western Australia",5,"Other industries","Use","Distributed","ML","78,396","77,798","76,204","71,710","72,593"
"Western Australia",5,"Total Industry","Use","Distributed","ML","390,179","354,886","376,177","421,243","503,056"
"Western Australia",5,"Households","Use","Distributed","ML","242,162","244,793","233,443","234,053","235,777"
"Western Australia",5,"Total","Use","Distributed","ML","632,341","599,679","609,620","655,296","738,833"
"Western Australia",5,"Water supply, sewerage and drainage services","Use","Wastewater","ML","166,852","166,061","167,658","168,374","168,245"
"Western Australia",5,"Total Electricity, gas, water and waste services","Use","Wastewater","ML","166,852","166,061","167,658","168,374","168,245"
"Western Australia",5,"Total Industry","Use","Wastewater","ML","166,852","166,061","167,658","168,374","168,245"
"Western Australia",5,"Total","Use","Wastewater","ML","166,852","166,061","167,658","168,374","168,245"
"Western Australia",5,"Nursery and floriculture production","Use","Reuse","ML","25","2","121","18","314"
"Western Australia",5,"Sheep, Beef, Cattle, Grain Growing and Other Livestock Farming","Use","Reuse","ML","23","18","41","516","205"
"Western Australia",5,"Total Agriculture","Use","Reuse","ML","382","413","357","534","535"
"Western Australia",5,"Manufacturing","Use","Reuse","ML","7,132","7,787","6,954","4,548","5,707"
"Western Australia",5,"Water supply, sewerage and drainage services","Use","Reuse","ML","5,068","5,511","5,512","3,825","3,376"
"Western Australia",5,"Total Electricity, gas, water and waste services","Use","Reuse","ML","5,068","5,511","5,512","3,825","3,376"
"Western Australia",5,"Total Industry","Use","Reuse","ML","40,379","43,139","43,237","39,131","40,822"
"Western Australia",5,"Total","Use","Reuse","ML","40,419","43,172","43,237","39,131","40,822"
"Western Australia",5,"Environment","Use","Return flows (a)","ML","2,284,871","2,385,653","2,369,440","2,445,793","2,425,752"
"Western Australia",5,"Total","Use","Return flows (a)","ML","2,284,871","2,385,653","2,369,440","2,445,793","2,425,752"
"Tasmania",6,"Environment","Supply","Self-extracted","ML","33,708,632","31,820,078","36,358,527","37,074,826","37,143,308"
"Tasmania",6,"Total","Supply","Self-extracted","ML","33,708,632","31,820,078","36,358,527","37,074,826","37,143,308"
"Tasmania",6,"Water supply, sewerage and drainage services","Supply","Distributed","ML","125,051","172,807","160,187","183,588","196,232"
"Tasmania",6,"Total Industry","Supply","Distributed","ML","132,177","179,870","167,661","191,307","203,941"
"Tasmania",6,"Total","Supply","Distributed","ML","132,177","179,870","167,661","191,307","203,941"
"Tasmania",6,"Total","Supply","Wastewater","ML","51,009","50,695","56,212","51,382","51,173"
"Tasmania",6,"Manufacturing","Supply","Reuse","ML","17","14","11","10","8"
"Tasmania",6,"Water supply, sewerage and drainage services","Supply","Reuse","ML","5,007","5,615","4,910","5,709","5,755"
"Tasmania",6,"Total Industry","Supply","Reuse","ML","6,031","6,539","5,920","6,823","6,797"
"Tasmania",6,"Total","Supply","Reuse","ML","6,031","6,539","5,920","6,823","6,797"
"Tasmania",6,"Coal mining","Supply","Return flows (a)","ML","32","28","46","44","42"
"Tasmania",6,"Electricity and gas supply","Supply","Return flows (a)","ML","33,356,468","31,396,322","35,980,777","36,658,974","36,710,748"
"Tasmania",6,"Water supply, sewerage and drainage services","Supply","Return flows (a)","ML","46,002","45,080","51,302","45,673","44,243"
"Tasmania",6,"Total Electricity, gas, water and waste services","Supply","Return flows (a)","ML","33,402,491","31,441,417","36,032,079","36,704,648","36,754,992"
"Tasmania",6,"Total Industry","Supply","Return flows (a)","ML","33,436,794","31,471,951","36,066,775","36,739,767","36,788,635"
"Tasmania",6,"Total","Supply","Return flows (a)","ML","33,436,794","31,471,951","36,066,775","36,739,767","36,788,635"
"Tasmania",6,"Mushroom and vegetable growing","Use","Self-extracted","ML","28,291","32,766","21,763","23,835","20,264"
"Tasmania",6,"Fruit and tree nut growing","Use","Self-extracted","ML","3,291","5,636","6,376","4,012","3,295"
"Tasmania",6,"Other crop growing","Use","Self-extracted","ML","246","4,771","1,775","4,183","10,160"
"Tasmania",6,"Sheep, Beef, Cattle, Grain Growing and Other Livestock Farming","Use","Self-extracted","ML","56,936","67,624","57,809","76,048","76,850"
"Tasmania",6,"Total Agriculture","Use","Self-extracted","ML","172,943","200,773","158,908","170,821","179,506"
"Tasmania",6,"Total Agriculture, forestry and fishing","Use","Self-extracted","ML","172,943","200,773","158,908","170,821","179,506"
"Tasmania",6,"Manufacturing","Use","Self-extracted","ML","29,022","29,165","31,775","31,825","32,103"
"Tasmania",6,"Water supply, sewerage and drainage services","Use","Self-extracted","ML","125,051","172,807","160,187","183,588","196,232"
"Tasmania",6,"Total Electricity, gas, water and waste services","Use","Self-extracted","ML","33,481,700","31,569,238","36,140,969","36,842,573","36,906,989"
"Tasmania",6,"Total Industry","Use","Self-extracted","ML","33,708,632","31,820,078","36,358,527","37,074,826","37,143,308"
"Tasmania",6,"Total","Use","Self-extracted","ML","33,708,632","31,820,078","36,358,527","37,074,826","37,143,308"
"Tasmania",6,"Fruit and tree nut growing","Use","Distributed","ML","1,555","2,139","2,667","3,107","4,138"
"Tasmania",6,"Sheep, Beef, Cattle, Grain Growing and Other Livestock Farming","Use","Distributed","ML","18,538","44,993","42,824","48,682","44,088"
"Tasmania",6,"Total Agriculture","Use","Distributed","ML","51,266","97,603","85,347","98,842","107,953"
"Tasmania",6,"Total Agriculture, forestry and fishing","Use","Distributed","ML","51,266","97,603","85,347","98,905","108,016"
"Tasmania",6,"Manufacturing","Use","Distributed","ML","18,730","15,509","15,820","10,489","11,137"
"Tasmania",6,"Water supply, sewerage and drainage services","Use","Distributed","ML","23,877","24,127","23,716","25,411","26,769"
"Tasmania",6,"Total Industry","Use","Distributed","ML","99,232","146,002","132,902","153,695","164,533"
"Tasmania",6,"Households","Use","Distributed","ML","32,944","33,868","34,759","37,612","39,408"
"Tasmania",6,"Total","Use","Distributed","ML","132,177","179,870","167,661","191,307","203,941"
"Tasmania",6,"Water supply, sewerage and drainage services","Use","Wastewater","ML","51,009","50,695","56,212","51,382","51,173"
"Tasmania",6,"Total Electricity, gas, water and waste services","Use","Wastewater","ML","51,009","50,695","56,212","51,382","51,173"
"Tasmania",6,"Total Industry","Use","Wastewater","ML","51,009","50,695","56,212","51,382","51,173"
"Tasmania",6,"Total","Use","Wastewater","ML","51,009","50,695","56,212","51,382","51,173"
"Tasmania",6,"Fruit and tree nut growing","Use","Reuse","ML","29","28","8","25","228"
"Tasmania",6,"Dairy cattle farming","Use","Reuse","ML","816","1,759","1,580","1,178","334"
"Tasmania",6,"Sheep, Beef, Cattle, Grain Growing and Other Livestock Farming","Use","Reuse","ML","2,607","2,218","1,972","2,613","2,209"
"Tasmania",6,"Total Agriculture","Use","Reuse","ML","4,185","4,500","4,100","4,654","3,116"
"Tasmania",6,"Total Agriculture, forestry and fishing","Use","Reuse","ML","4,185","4,500","4,100","4,855","3,116"
"Tasmania",6,"Total Industry","Use","Reuse","ML","6,031","6,539","5,920","6,823","6,797"
"Tasmania",6,"Total","Use","Reuse","ML","6,031","6,539","5,920","6,823","6,797"
"Tasmania",6,"Environment","Use","Return flows (a)","ML","33,436,794","31,471,951","36,066,775","36,739,767","36,788,635"
"Tasmania",6,"Total","Use","Return flows (a)","ML","33,436,794","31,471,951","36,066,775","36,739,767","36,788,635"
"Northern Territory",7,"Environment","Supply","Self-extracted","ML","168,759","147,802","183,295","174,905","159,870"
"Northern Territory",7,"Total","Supply","Self-extracted","ML","168,759","147,802","183,295","174,905","159,870"
"Northern Territory",7,"Total mining","Supply","Distributed","ML","522","482","357","345","493"
"Northern Territory",7,"Water supply, sewerage and drainage services","Supply","Distributed","ML","61,445","59,298","54,902","57,502","59,115"
"Northern Territory",7,"Total Industry","Supply","Distributed","ML","61,969","59,782","55,261","57,849","59,610"
"Northern Territory",7,"Total","Supply","Distributed","ML","61,969","59,782","55,261","57,849","59,610"
"Northern Territory",7,"Total","Supply","Wastewater","ML","20,428","19,934","25,298","23,691","21,157"
"Northern Territory",7,"Total mining","Supply","Reuse","ML","1,084","990","595","574","822"
"Northern Territory",7,"Water supply, sewerage and drainage services","Supply","Reuse","ML","1,760","1,920","917","1,220","1,152"
"Northern Territory",7,"Total Electricity, gas, water and waste services","Supply","Reuse","ML","1,760","1,920","917","1,220","1,152"
"Northern Territory",7,"Total Industry","Supply","Reuse","ML","2,844","2,910","1,512","1,794","1,974"
"Northern Territory",7,"Total","Supply","Reuse","ML","2,844","2,910","1,512","1,794","1,974"
"Northern Territory",7,"Total mining","Supply","Return flows (a)","ML","12,746","11,200","8,328","7,626","9,968"
"Northern Territory",7,"Waste collection, treatment and disposal services","Supply","Return flows (a)","ML","3","8","3","2","2"
"Northern Territory",7,"Total Industry","Supply","Return flows (a)","ML","31,774","29,585","33,083","30,479","24,676"
"Northern Territory",7,"Total","Supply","Return flows (a)","ML","31,774","29,585","33,083","30,479","24,676"
"Northern Territory",7,"Fruit and tree nut growing","Use","Self-extracted","ML","13,542","6,325","10,852","9,501","10,391"
"Northern Territory",7,"Other crop growing","Use","Self-extracted","ML","32","14","6","136","23"
"Northern Territory",7,"Sheep, Beef, Cattle, Grain Growing and Other Livestock Farming","Use","Self-extracted","ML","31,716","27,640","69,991","64,689","43,056"
"Northern Territory",7,"Total Agriculture","Use","Self-extracted","ML","54,748","40,419","89,044","80,926","57,979"
"Northern Territory",7,"Total Agriculture, forestry and fishing","Use","Self-extracted","ML","54,748","40,419","89,044","80,926","57,979"
"Northern Territory",7,"Total mining","Use","Self-extracted","ML","36,853","32,170","23,966","21,941","28,639"
"Northern Territory",7,"Water supply, sewerage and drainage services","Use","Self-extracted","ML","61,445","59,298","54,902","57,502","59,115"
"Northern Territory",7,"Total Industry","Use","Self-extracted","ML","168,759","147,802","183,295","174,905","159,870"
"Northern Territory",7,"Total","Use","Self-extracted","ML","168,759","147,802","183,295","174,905","159,870"
"Northern Territory",7,"Total Industry","Use","Distributed","ML","34,653","32,384","30,545","32,095","33,152"
"Northern Territory",7,"Households","Use","Distributed","ML","27,317","27,398","24,716","25,753","26,458"
"Northern Territory",7,"Total","Use","Distributed","ML","61,969","59,782","55,261","57,849","59,610"
"Northern Territory",7,"Water supply, sewerage and drainage services","Use","Wastewater","ML","20,428","19,934","25,298","23,691","21,157"
"Northern Territory",7,"Total Electricity, gas, water and waste services","Use","Wastewater","ML","20,428","19,934","25,298","23,691","21,157"
"Northern Territory",7,"Total Industry","Use","Wastewater","ML","20,428","19,934","25,298","23,691","21,157"
"Northern Territory",7,"Total","Use","Wastewater","ML","20,428","19,934","25,298","23,691","21,157"
"Northern Territory",7,"Total Industry","Use","Reuse","ML","2,844","2,910","1,512","1,794","1,974"
"Northern Territory",7,"Total","Use","Reuse","ML","2,844","2,910","1,512","1,794","1,974"
"Northern Territory",7,"Environment","Use","Return flows (a)","ML","31,774","29,585","33,083","30,479","24,676"
"Northern Territory",7,"Total","Use","Return flows (a)","ML","31,774","29,585","33,083","30,479","24,676"
"Australian Capital Territory",8,"Environment","Supply","Self-extracted","ML","43,473","46,426","44,799","45,888","49,505"
"Australian Capital Territory",8,"Total","Supply","Self-extracted","ML","43,473","46,426","44,799","45,888","49,505"
"Australian Capital Territory",8,"Water supply, sewerage and drainage services","Supply","Distributed","ML","42,141","45,283","43,700","44,927","48,522"
"Australian Capital Territory",8,"Total Industry","Supply","Distributed","ML","42,141","45,283","43,700","44,927","48,522"
"Australian Capital Territory",8,"Total","Supply","Distributed","ML","42,141","45,283","43,700","44,927","48,522"
"Australian Capital Territory",8,"Total","Supply","Wastewater","ML","32,971","33,854","36,494","33,351","33,207"
"Australian Capital Territory",8,"Water supply, sewerage and drainage services","Supply","Reuse","ML","3,321","3,296","3,392","3,132","2,253"
"Australian Capital Territory",8,"Total Electricity, gas, water and waste services","Supply","Reuse","ML","3,321","3,296","3,392","3,132","2,253"
"Australian Capital Territory",8,"Total Industry","Supply","Reuse","ML","3,321","3,296","3,392","3,132","2,253"
"Australian Capital Territory",8,"Total","Supply","Reuse","ML","3,321","3,296","3,392","3,132","2,253"
"Australian Capital Territory",8,"Total Industry","Supply","Return flows (a)","ML","29,650","30,558","33,102","30,219","30,524"
"Australian Capital Territory",8,"Total","Supply","Return flows (a)","ML","29,650","30,558","33,102","30,219","30,524"
"Australian Capital Territory",8,"Sheep, Beef, Cattle, Grain Growing and Other Livestock Farming","Use","Self-extracted","ML","180","145","375","158","105"
"Australian Capital Territory",8,"Total Agriculture","Use","Self-extracted","ML","191","155","387","187","160"
"Australian Capital Territory",8,"Total Agriculture, forestry and fishing","Use","Self-extracted","ML","191","155","387","187","160"
"Australian Capital Territory",8,"Total mining","Use","Self-extracted","ML","539","307","110","106","114"
"Australian Capital Territory",8,"Water supply, sewerage and drainage services","Use","Self-extracted","ML","42,141","45,283","43,700","44,927","48,522"
"Australian Capital Territory",8,"Total Industry","Use","Self-extracted","ML","43,473","46,426","44,799","45,888","49,505"
"Australian Capital Territory",8,"Total","Use","Self-extracted","ML","43,473","46,426","44,799","45,888","49,505"
"Australian Capital Territory",8,"Sheep, Beef, Cattle, Grain Growing and Other Livestock Farming","Use","Distributed","ML","10","110","34","13","22"
"Australian Capital Territory",8,"Total Agriculture","Use","Distributed","ML","51","151","82","104","73"
"Australian Capital Territory",8,"Total Agriculture, forestry and fishing","Use","Distributed","ML","51","151","82","104","73"
"Australian Capital Territory",8,"Total Industry","Use","Distributed","ML","12,683","14,011","12,700","12,590","14,641"
"Australian Capital Territory",8,"Households","Use","Distributed","ML","29,458","31,272","31,000","32,337","33,881"
"Australian Capital Territory",8,"Total","Use","Distributed","ML","42,141","45,283","43,700","44,927","48,522"
"Australian Capital Territory",8,"Water supply, sewerage and drainage services","Use","Wastewater","ML","32,971","33,854","36,494","33,351","33,207"
"Australian Capital Territory",8,"Total Electricity, gas, water and waste services","Use","Wastewater","ML","32,971","33,854","36,494","33,351","33,207"
"Australian Capital Territory",8,"Total Industry","Use","Wastewater","ML","32,971","33,854","36,494","33,351","33,207"
"Australian Capital Territory",8,"Total","Use","Wastewater","ML","32,971","33,854","36,494","33,351","33,207"
"Australian Capital Territory",8,"Total Industry","Use","Reuse","ML","3,321","3,296","3,392","3,132","2,253"
"Australian Capital Territory",8,"Total","Use","Reuse","ML","3,321","3,296","3,392","3,132","2,253"
"Australian Capital Territory",8,"Environment","Use","Return flows (a)","ML","29,650","30,558","33,102","30,219","30,524"
"Australian Capital Territory",8,"Total","Use","Return flows (a)","ML","29,650","30,558","33,102","30,219","30,524"
